2025,9,27,早餐,,50,true
2025,9,27,早餐,,50,true
2025,9,27,早餐,,50,true
2025,9,27,早餐,,50,true
2025,9,27,早餐,,50,true
2025,9,27,早餐,,50,true
2025,9,27,早餐,,50,true
2025,9,27,早餐,,50,true
2025,9,27,早餐,,50,true
2025,9,27,早餐,,50,true
2025,9,27,早餐,,50,true
2025,9,27,早餐,,50,true
2025,9,27,早餐,,50,true
2025,9,27,早餐,,50,true
2025,9,27,早餐,,50,true
2025,9,27,早餐,,50,true
2025,9,27,早餐,,50,true
2025,9,27,早餐,,50,true
2025,9,27,早餐,,50,true
2025,9,27,早餐,,50,true
2025,9,27,早餐,,50,true
2025,9,27,早餐,,50,true
2025,9,27,早餐,,50,true
2025,9,27,早餐,,50,true
2025,9,27,早餐,,50,true
2025,9,27,早餐,,50,true
2025,9,27,早餐,,50,true
2025,9,27,早餐,,50,true
2025,9,27,早餐,,50,true
2025,9,27,早餐,,50,true
2025,9,27,早餐,,50,true
2025,9,27,早餐,,50,true
2025,9,27,早餐,,50,true
2025,9,27,早餐,,50,true
2025,9,27,早餐,,50,true
2025,9,27,早餐,,50,true
2025,9,27,早餐,,50,true
2025,9,27,早餐,,50,true
2025,9,27,早餐,,50,true
2025,9,27,早餐,,50,true
2025,9,27,早餐,,50,true
2025,9,27,早餐,,50,true
2025,9,27,早餐,,50,true
2025,9,27,早餐,,50,true
2025,9,27,早餐,,50,true
2025,9,27,早餐,,50,true
2025,9,27,早餐,,50,true
2025,9,27,早餐,,50,true
2025,9,27,早餐,,50,true
2025,9,27,早餐,,50,true
2025,9,27,早餐,,50,true
2025,9,27,早餐,,50,true
2025,9,27,早餐,,50,true
2025,9,27,早餐,,50,true
2025,9,27,早餐,,50,true
2025,9,27,早餐,,50,true
2025,9,27,早餐,,50,true
2025,9,27,早餐,,50,true
2025,9,27,早餐,,50,true
2025,9,27,早餐,,50,true
2025,9,27,早餐,,50,true
2025,9,27,早餐,,50,true
2025,9,27,早餐,,50,true
2025,9,27,早餐,,50,true
2025,9,27,早餐,,50,true
