2021,7,29,早餐,,95,true
2021,7,29,早餐,,95,true
2021,7,29,早餐,,95,true
2021,7,29,早餐,,95,true
2021,7,29,早餐,,95,true
2021,7,29,早餐,,95,true
2021,7,29,早餐,,95,true
2021,7,29,早餐,,95,true
2021,7,29,早餐,,95,true
2021,7,29,早餐,,95,true
2021,7,29,早餐,,95,true
2021,7,29,早餐,,95,true
2021,7,29,早餐,,95,true
2021,7,29,早餐,,95,true
2021,7,29,早餐,,95,true
2021,7,29,早餐,,95,true
2021,7,29,早餐,,95,true
2021,7,29,早餐,,95,true
2021,7,29,早餐,,95,true
2021,7,29,早餐,,95,true
2021,7,29,早餐,,95,true
2021,7,29,早餐,,95,true
2021,7,29,早餐,,95,true
2021,7,29,早餐,,95,true
2021,7,29,早餐,,95,true
2021,7,29,早餐,,95,true
2021,7,29,早餐,,95,true
2021,7,29,早餐,,95,true
2021,7,29,早餐,,95,true
2021,7,29,早餐,,95,true
2021,7,29,早餐,,95,true
2021,7,29,早餐,,95,true
2021,7,29,早餐,,95,true
2021,7,29,早餐,,95,true
2021,7,29,早餐,,95,true
2021,7,29,早餐,,95,true
